URL,Link
https://www.vi.nl/login?redirect_uri=%2Fcompetities%2Fengeland%2Fpremier-league%2F2022-2023%2Fwedstrijden,"Inloggen
Inloggen"
/zoeken,Zoeken
/wedstrijden,Wedstrijden
/competities,Competities
/video,Video
/pro,PRO
/podcast,Podcast
/abonneren?utm_source=button&utm_medium=homepage&utm_campaign=Special_naar_keuze,Word lid
/zoeken,Zoeken
/service-en-contact,Service & contact
/vacatures,Vacatures
https://shop.vi.nl/?utm_source=vi_submenu&utm_medium=textlink&utm_campaign=pro_special_2020,Webshop
https://www.facebook.com/voetbalinternational,Facebook
https://twitter.com/VI_nl,Twitter
https://www.instagram.com/voetbalinternational.nl/,Instagram
/nieuws,Net binnen
/wedstrijden,Wedstrijden
/pro,PRO
/video,Video
/competities/engeland/premier-league/2022-2023/stand,Stand
/competities/engeland/premier-league/2022-2023/wedstrijden,Wedstrijden
/competities/engeland/premier-league/2022-2023/rankings,Rankings
/competities/engeland/premier-league/2022-2023/nieuws,Nieuws
#vorige-speelronde,Toon vorige speelronde
/wedstrijden/2022/08/05/engeland/premier-league/crystal-palace-vs-arsenal,Bekijk wedstrijd
/wedstrijden/2022/08/06/engeland/premier-league/fulham-vs-liverpool,Bekijk wedstrijd
/wedstrijden/2022/08/06/engeland/premier-league/tottenham-hotspur-vs-southampton,Bekijk wedstrijd
/wedstrijden/2022/08/06/engeland/premier-league/newcastle-united-vs-nottingham-forest,Bekijk wedstrijd
/wedstrijden/2022/08/06/engeland/premier-league/leeds-united-vs-wolverhampton-wanderers,Bekijk wedstrijd
/wedstrijden/2022/08/06/engeland/premier-league/afc-bournemouth-vs-aston-villa,Bekijk wedstrijd
/wedstrijden/2022/08/06/engeland/premier-league/everton-vs-chelsea,Bekijk wedstrijd
/wedstrijden/2022/08/07/engeland/premier-league/manchester-united-vs-brighton--hove-albion,Bekijk wedstrijd
/wedstrijden/2022/08/07/engeland/premier-league/leicester-city-vs-brentford,Bekijk wedstrijd
/wedstrijden/2022/08/07/engeland/premier-league/west-ham-united-vs-manchester-city,Bekijk wedstrijd
/wedstrijden/2022/08/13/engeland/premier-league/aston-villa-vs-everton,Bekijk wedstrijd
/wedstrijden/2022/08/13/engeland/premier-league/wolverhampton-wanderers-vs-fulham,Bekijk wedstrijd
/wedstrijden/2022/08/13/engeland/premier-league/southampton-vs-leeds-united,Bekijk wedstrijd
/wedstrijden/2022/08/13/engeland/premier-league/manchester-city-vs-afc-bournemouth,Bekijk wedstrijd
/wedstrijden/2022/08/13/engeland/premier-league/brighton--hove-albion-vs-newcastle-united,Bekijk wedstrijd
/wedstrijden/2022/08/13/engeland/premier-league/arsenal-vs-leicester-city,Bekijk wedstrijd
/wedstrijden/2022/08/13/engeland/premier-league/brentford-vs-manchester-united,Bekijk wedstrijd
/wedstrijden/2022/08/14/engeland/premier-league/nottingham-forest-vs-west-ham-united,Bekijk wedstrijd
/wedstrijden/2022/08/14/engeland/premier-league/chelsea-vs-tottenham-hotspur,Bekijk wedstrijd
/wedstrijden/2022/08/15/engeland/premier-league/liverpool-vs-crystal-palace,Bekijk wedstrijd
/wedstrijden/2022/08/20/engeland/premier-league/tottenham-hotspur-vs-wolverhampton-wanderers,Bekijk wedstrijd
/wedstrijden/2022/08/20/engeland/premier-league/leicester-city-vs-southampton,Bekijk wedstrijd
/wedstrijden/2022/08/20/engeland/premier-league/fulham-vs-brentford,Bekijk wedstrijd
/wedstrijden/2022/08/20/engeland/premier-league/everton-vs-nottingham-forest,Bekijk wedstrijd
/wedstrijden/2022/08/20/engeland/premier-league/crystal-palace-vs-aston-villa,Bekijk wedstrijd
/wedstrijden/2022/08/20/engeland/premier-league/afc-bournemouth-vs-arsenal,Bekijk wedstrijd
/wedstrijden/2022/08/21/engeland/premier-league/west-ham-united-vs-brighton--hove-albion,Bekijk wedstrijd
/wedstrijden/2022/08/21/engeland/premier-league/leeds-united-vs-chelsea,Bekijk wedstrijd
/wedstrijden/2022/08/21/engeland/premier-league/newcastle-united-vs-manchester-city,Bekijk wedstrijd
/wedstrijden/2022/08/22/engeland/premier-league/manchester-united-vs-liverpool,Bekijk wedstrijd
/wedstrijden/2022/08/27/engeland/premier-league/southampton-vs-manchester-united,Bekijk wedstrijd
/wedstrijden/2022/08/27/engeland/premier-league/manchester-city-vs-crystal-palace,Bekijk wedstrijd
/wedstrijden/2022/08/27/engeland/premier-league/liverpool-vs-afc-bournemouth,Bekijk wedstrijd
/wedstrijden/2022/08/27/engeland/premier-league/chelsea-vs-leicester-city,Bekijk wedstrijd
/wedstrijden/2022/08/27/engeland/premier-league/brighton--hove-albion-vs-leeds-united,Bekijk wedstrijd
/wedstrijden/2022/08/27/engeland/premier-league/brentford-vs-everton,Bekijk wedstrijd
/wedstrijden/2022/08/27/engeland/premier-league/arsenal-vs-fulham,Bekijk wedstrijd
/wedstrijden/2022/08/28/engeland/premier-league/wolverhampton-wanderers-vs-newcastle-united,Bekijk wedstrijd
/wedstrijden/2022/08/28/engeland/premier-league/aston-villa-vs-west-ham-united,Bekijk wedstrijd
/wedstrijden/2022/08/28/engeland/premier-league/nottingham-forest-vs-tottenham-hotspur,Bekijk wedstrijd
/wedstrijden/2022/08/30/engeland/premier-league/fulham-vs-brighton--hove-albion,Bekijk wedstrijd
/wedstrijden/2022/08/30/engeland/premier-league/crystal-palace-vs-brentford,Bekijk wedstrijd
/wedstrijden/2022/08/30/engeland/premier-league/southampton-vs-chelsea,Bekijk wedstrijd
/wedstrijden/2022/08/30/engeland/premier-league/leeds-united-vs-everton,Bekijk wedstrijd
/wedstrijden/2022/08/31/engeland/premier-league/manchester-city-vs-nottingham-forest,Bekijk wedstrijd
/wedstrijden/2022/08/31/engeland/premier-league/arsenal-vs-aston-villa,Bekijk wedstrijd
/wedstrijden/2022/08/31/engeland/premier-league/afc-bournemouth-vs-wolverhampton-wanderers,Bekijk wedstrijd
/wedstrijden/2022/08/31/engeland/premier-league/west-ham-united-vs-tottenham-hotspur,Bekijk wedstrijd
/wedstrijden/2022/08/31/engeland/premier-league/liverpool-vs-newcastle-united,Bekijk wedstrijd
/wedstrijden/2022/09/01/engeland/premier-league/leicester-city-vs-manchester-united,Bekijk wedstrijd
/wedstrijden/2022/09/03/engeland/premier-league/everton-vs-liverpool,Bekijk wedstrijd
/wedstrijden/2022/09/03/engeland/premier-league/wolverhampton-wanderers-vs-southampton,Bekijk wedstrijd
/wedstrijden/2022/09/03/engeland/premier-league/tottenham-hotspur-vs-fulham,Bekijk wedstrijd
/wedstrijden/2022/09/03/engeland/premier-league/nottingham-forest-vs-afc-bournemouth,Bekijk wedstrijd
/wedstrijden/2022/09/03/engeland/premier-league/newcastle-united-vs-crystal-palace,Bekijk wedstrijd
/wedstrijden/2022/09/03/engeland/premier-league/chelsea-vs-west-ham-united,Bekijk wedstrijd
/wedstrijden/2022/09/03/engeland/premier-league/brentford-vs-leeds-united,Bekijk wedstrijd
/wedstrijden/2022/09/03/engeland/premier-league/aston-villa-vs-manchester-city,Bekijk wedstrijd
/wedstrijden/2022/09/04/engeland/premier-league/brighton--hove-albion-vs-leicester-city,Bekijk wedstrijd
/wedstrijden/2022/09/04/engeland/premier-league/manchester-united-vs-arsenal,Bekijk wedstrijd
/wedstrijden/2022/09/10/engeland/premier-league/fulham-vs-chelsea,Bekijk wedstrijd
https://b1.trickyrock.com/redirect.aspx?pid=86074865&bid=37519,
/wedstrijden/2022/09/10/engeland/premier-league/southampton-vs-brentford,Bekijk wedstrijd
https://b1.trickyrock.com/redirect.aspx?pid=86074865&bid=37519,
/wedstrijden/2022/09/10/engeland/premier-league/liverpool-vs-wolverhampton-wanderers,Bekijk wedstrijd
https://b1.trickyrock.com/redirect.aspx?pid=86074865&bid=37519,
/wedstrijden/2022/09/10/engeland/premier-league/leicester-city-vs-aston-villa,Bekijk wedstrijd
https://b1.trickyrock.com/redirect.aspx?pid=86074865&bid=37519,
/wedstrijden/2022/09/10/engeland/premier-league/afc-bournemouth-vs-brighton--hove-albion,Bekijk wedstrijd
https://b1.trickyrock.com/redirect.aspx?pid=86074865&bid=37519,
/wedstrijden/2022/09/10/engeland/premier-league/manchester-city-vs-tottenham-hotspur,Bekijk wedstrijd
https://b1.trickyrock.com/redirect.aspx?pid=86074865&bid=37519,
https://www.vi.nl/verantwoordspelen,
/wedstrijden/2022/09/11/engeland/premier-league/west-ham-united-vs-newcastle-united,Bekijk wedstrijd
https://b1.trickyrock.com/redirect.aspx?pid=86074865&bid=37519,
/wedstrijden/2022/09/11/engeland/premier-league/arsenal-vs-everton,Bekijk wedstrijd
https://b1.trickyrock.com/redirect.aspx?pid=86074865&bid=37519,
/wedstrijden/2022/09/11/engeland/premier-league/crystal-palace-vs-manchester-united,Bekijk wedstrijd
https://b1.trickyrock.com/redirect.aspx?pid=86074865&bid=37519,
https://www.vi.nl/verantwoordspelen,
/wedstrijden/2022/09/12/engeland/premier-league/leeds-united-vs-nottingham-forest,Bekijk wedstrijd
https://b1.trickyrock.com/redirect.aspx?pid=86074865&bid=37519,
https://www.vi.nl/verantwoordspelen,
/wedstrijden/2022/09/16/engeland/premier-league/nottingham-forest-vs-fulham,Bekijk wedstrijd
https://b1.trickyrock.com/redirect.aspx?pid=86074865&bid=37519,
/wedstrijden/2022/09/16/engeland/premier-league/aston-villa-vs-southampton,Bekijk wedstrijd
https://b1.trickyrock.com/redirect.aspx?pid=86074865&bid=37519,
https://www.vi.nl/verantwoordspelen,
/wedstrijden/2022/09/17/engeland/premier-league/brighton--hove-albion-vs-crystal-palace,Bekijk wedstrijd
/wedstrijden/2022/09/17/engeland/premier-league/wolverhampton-wanderers-vs-manchester-city,Bekijk wedstrijd
https://b1.trickyrock.com/redirect.aspx?pid=86074865&bid=37519,
/wedstrijden/2022/09/17/engeland/premier-league/newcastle-united-vs-afc-bournemouth,Bekijk wedstrijd
https://b1.trickyrock.com/redirect.aspx?pid=86074865&bid=37519,
/wedstrijden/2022/09/17/engeland/premier-league/tottenham-hotspur-vs-leicester-city,Bekijk wedstrijd
https://b1.trickyrock.com/redirect.aspx?pid=86074865&bid=37519,
https://www.vi.nl/verantwoordspelen,
/wedstrijden/2022/09/18/engeland/premier-league/manchester-united-vs-leeds-united,Bekijk wedstrijd
https://b1.trickyrock.com/redirect.aspx?pid=86074865&bid=37519,
/wedstrijden/2022/09/18/engeland/premier-league/everton-vs-west-ham-united,Bekijk wedstrijd
https://b1.trickyrock.com/redirect.aspx?pid=86074865&bid=37519,
/wedstrijden/2022/09/18/engeland/premier-league/brentford-vs-arsenal,Bekijk wedstrijd
https://b1.trickyrock.com/redirect.aspx?pid=86074865&bid=37519,
/wedstrijden/2022/09/18/engeland/premier-league/chelsea-vs-liverpool,Bekijk wedstrijd
https://b1.trickyrock.com/redirect.aspx?pid=86074865&bid=37519,
https://www.vi.nl/verantwoordspelen,
/wedstrijden/2022/10/01/engeland/premier-league/arsenal-vs-tottenham-hotspur,Bekijk wedstrijd
/wedstrijden/2022/10/01/engeland/premier-league/southampton-vs-everton,Bekijk wedstrijd
/wedstrijden/2022/10/01/engeland/premier-league/liverpool-vs-brighton--hove-albion,Bekijk wedstrijd
/wedstrijden/2022/10/01/engeland/premier-league/fulham-vs-newcastle-united,Bekijk wedstrijd
/wedstrijden/2022/10/01/engeland/premier-league/crystal-palace-vs-chelsea,Bekijk wedstrijd
/wedstrijden/2022/10/01/engeland/premier-league/afc-bournemouth-vs-brentford,Bekijk wedstrijd
/wedstrijden/2022/10/01/engeland/premier-league/west-ham-united-vs-wolverhampton-wanderers,Bekijk wedstrijd
/wedstrijden/2022/10/02/engeland/premier-league/manchester-city-vs-manchester-united,Bekijk wedstrijd
/wedstrijden/2022/10/02/engeland/premier-league/leeds-united-vs-aston-villa,Bekijk wedstrijd
/wedstrijden/2022/10/03/engeland/premier-league/leicester-city-vs-nottingham-forest,Bekijk wedstrijd
/wedstrijden/2022/10/08/engeland/premier-league/newcastle-united-vs-brentford,Bekijk wedstrijd
/wedstrijden/2022/10/08/engeland/premier-league/manchester-city-vs-southampton,Bekijk wedstrijd
/wedstrijden/2022/10/08/engeland/premier-league/chelsea-vs-wolverhampton-wanderers,Bekijk wedstrijd
/wedstrijden/2022/10/08/engeland/premier-league/afc-bournemouth-vs-leicester-city,Bekijk wedstrijd
/wedstrijden/2022/10/08/engeland/premier-league/brighton--hove-albion-vs-tottenham-hotspur,Bekijk wedstrijd
/wedstrijden/2022/10/09/engeland/premier-league/west-ham-united-vs-fulham,Bekijk wedstrijd
/wedstrijden/2022/10/09/engeland/premier-league/crystal-palace-vs-leeds-united,Bekijk wedstrijd
/wedstrijden/2022/10/09/engeland/premier-league/arsenal-vs-liverpool,Bekijk wedstrijd
/wedstrijden/2022/10/09/engeland/premier-league/everton-vs-manchester-united,Bekijk wedstrijd
/wedstrijden/2022/10/10/engeland/premier-league/nottingham-forest-vs-aston-villa,Bekijk wedstrijd
/wedstrijden/2022/10/14/engeland/premier-league/brentford-vs-brighton--hove-albion,Bekijk wedstrijd
/wedstrijden/2022/10/15/engeland/premier-league/leicester-city-vs-crystal-palace,Bekijk wedstrijd
/wedstrijden/2022/10/15/engeland/premier-league/wolverhampton-wanderers-vs-nottingham-forest,Bekijk wedstrijd
/wedstrijden/2022/10/15/engeland/premier-league/fulham-vs-afc-bournemouth,Bekijk wedstrijd
/wedstrijden/2022/10/15/engeland/premier-league/tottenham-hotspur-vs-everton,Bekijk wedstrijd
/wedstrijden/2022/10/16/engeland/premier-league/southampton-vs-west-ham-united,Bekijk wedstrijd
/wedstrijden/2022/10/16/engeland/premier-league/manchester-united-vs-newcastle-united,Bekijk wedstrijd
/wedstrijden/2022/10/16/engeland/premier-league/leeds-united-vs-arsenal,Bekijk wedstrijd
/wedstrijden/2022/10/16/engeland/premier-league/aston-villa-vs-chelsea,Bekijk wedstrijd
/wedstrijden/2022/10/16/engeland/premier-league/liverpool-vs-manchester-city,Bekijk wedstrijd
/wedstrijden/2022/10/18/engeland/premier-league/brighton--hove-albion-vs-nottingham-forest,Bekijk wedstrijd
/wedstrijden/2022/10/18/engeland/premier-league/crystal-palace-vs-wolverhampton-wanderers,Bekijk wedstrijd
/wedstrijden/2022/10/19/engeland/premier-league/newcastle-united-vs-everton,Bekijk wedstrijd
/wedstrijden/2022/10/19/engeland/premier-league/liverpool-vs-west-ham-united,Bekijk wedstrijd
/wedstrijden/2022/10/19/engeland/premier-league/brentford-vs-chelsea,Bekijk wedstrijd
/wedstrijden/2022/10/19/engeland/premier-league/arsenal-vs-manchester-city,Bekijk wedstrijd
/wedstrijden/2022/10/19/engeland/premier-league/afc-bournemouth-vs-southampton,Bekijk wedstrijd
/wedstrijden/2022/10/19/engeland/premier-league/manchester-united-vs-tottenham-hotspur,Bekijk wedstrijd
/wedstrijden/2022/10/20/engeland/premier-league/fulham-vs-aston-villa,Bekijk wedstrijd
/wedstrijden/2022/10/20/engeland/premier-league/leicester-city-vs-leeds-united,Bekijk wedstrijd
/wedstrijden/2022/10/22/engeland/premier-league/chelsea-vs-manchester-united,Bekijk wedstrijd
/wedstrijden/2022/10/22/engeland/premier-league/nottingham-forest-vs-liverpool,Bekijk wedstrijd
/wedstrijden/2022/10/22/engeland/premier-league/manchester-city-vs-brighton--hove-albion,Bekijk wedstrijd
/wedstrijden/2022/10/22/engeland/premier-league/everton-vs-crystal-palace,Bekijk wedstrijd
/wedstrijden/2022/10/22/engeland/premier-league/tottenham-hotspur-vs-newcastle-united,Bekijk wedstrijd
/wedstrijden/2022/10/23/engeland/premier-league/wolverhampton-wanderers-vs-leicester-city,Bekijk wedstrijd
/wedstrijden/2022/10/23/engeland/premier-league/southampton-vs-arsenal,Bekijk wedstrijd
/wedstrijden/2022/10/23/engeland/premier-league/leeds-united-vs-fulham,Bekijk wedstrijd
/wedstrijden/2022/10/23/engeland/premier-league/aston-villa-vs-brentford,Bekijk wedstrijd
/wedstrijden/2022/10/24/engeland/premier-league/west-ham-united-vs-afc-bournemouth,Bekijk wedstrijd
/wedstrijden/2022/10/29/engeland/premier-league/liverpool-vs-leeds-united,Bekijk wedstrijd
/wedstrijden/2022/10/29/engeland/premier-league/leicester-city-vs-manchester-city,Bekijk wedstrijd
/wedstrijden/2022/10/29/engeland/premier-league/newcastle-united-vs-aston-villa,Bekijk wedstrijd
/wedstrijden/2022/10/29/engeland/premier-league/crystal-palace-vs-southampton,Bekijk wedstrijd
/wedstrijden/2022/10/29/engeland/premier-league/brighton--hove-albion-vs-chelsea,Bekijk wedstrijd
/wedstrijden/2022/10/29/engeland/premier-league/brentford-vs-wolverhampton-wanderers,Bekijk wedstrijd
/wedstrijden/2022/10/29/engeland/premier-league/afc-bournemouth-vs-tottenham-hotspur,Bekijk wedstrijd
/wedstrijden/2022/10/29/engeland/premier-league/fulham-vs-everton,Bekijk wedstrijd
/wedstrijden/2022/10/30/engeland/premier-league/arsenal-vs-nottingham-forest,Bekijk wedstrijd
/wedstrijden/2022/10/30/engeland/premier-league/manchester-united-vs-west-ham-united,Bekijk wedstrijd
/wedstrijden/2022/11/05/engeland/premier-league/wolverhampton-wanderers-vs-brighton--hove-albion,Bekijk wedstrijd
/wedstrijden/2022/11/05/engeland/premier-league/west-ham-united-vs-crystal-palace,Bekijk wedstrijd
/wedstrijden/2022/11/05/engeland/premier-league/tottenham-hotspur-vs-liverpool,Bekijk wedstrijd
/wedstrijden/2022/11/05/engeland/premier-league/southampton-vs-newcastle-united,Bekijk wedstrijd
/wedstrijden/2022/11/05/engeland/premier-league/nottingham-forest-vs-brentford,Bekijk wedstrijd
/wedstrijden/2022/11/05/engeland/premier-league/manchester-city-vs-fulham,Bekijk wedstrijd
/wedstrijden/2022/11/05/engeland/premier-league/leeds-united-vs-afc-bournemouth,Bekijk wedstrijd
/wedstrijden/2022/11/05/engeland/premier-league/everton-vs-leicester-city,Bekijk wedstrijd
/wedstrijden/2022/11/05/engeland/premier-league/chelsea-vs-arsenal,Bekijk wedstrijd
/wedstrijden/2022/11/05/engeland/premier-league/aston-villa-vs-manchester-united,Bekijk wedstrijd
/wedstrijden/2022/11/12/engeland/premier-league/wolverhampton-wanderers-vs-arsenal,Bekijk wedstrijd
/wedstrijden/2022/11/12/engeland/premier-league/west-ham-united-vs-leicester-city,Bekijk wedstrijd
/wedstrijden/2022/11/12/engeland/premier-league/tottenham-hotspur-vs-leeds-united,Bekijk wedstrijd
/wedstrijden/2022/11/12/engeland/premier-league/nottingham-forest-vs-crystal-palace,Bekijk wedstrijd
/wedstrijden/2022/11/12/engeland/premier-league/newcastle-united-vs-chelsea,Bekijk wedstrijd
/wedstrijden/2022/11/12/engeland/premier-league/manchester-city-vs-brentford,Bekijk wedstrijd
/wedstrijden/2022/11/12/engeland/premier-league/liverpool-vs-southampton,Bekijk wedstrijd
/wedstrijden/2022/11/12/engeland/premier-league/fulham-vs-manchester-united,Bekijk wedstrijd
/wedstrijden/2022/11/12/engeland/premier-league/brighton--hove-albion-vs-aston-villa,Bekijk wedstrijd
/wedstrijden/2022/11/12/engeland/premier-league/afc-bournemouth-vs-everton,Bekijk wedstrijd
/wedstrijden/2022/12/26/engeland/premier-league/southampton-vs-brighton--hove-albion,Bekijk wedstrijd
/wedstrijden/2022/12/26/engeland/premier-league/manchester-united-vs-nottingham-forest,Bekijk wedstrijd
/wedstrijden/2022/12/26/engeland/premier-league/leicester-city-vs-newcastle-united,Bekijk wedstrijd
/wedstrijden/2022/12/26/engeland/premier-league/leeds-united-vs-manchester-city,Bekijk wedstrijd
/wedstrijden/2022/12/26/engeland/premier-league/everton-vs-wolverhampton-wanderers,Bekijk wedstrijd
/wedstrijden/2022/12/26/engeland/premier-league/crystal-palace-vs-fulham,Bekijk wedstrijd
/wedstrijden/2022/12/26/engeland/premier-league/chelsea-vs-afc-bournemouth,Bekijk wedstrijd
/wedstrijden/2022/12/26/engeland/premier-league/brentford-vs-tottenham-hotspur,Bekijk wedstrijd
/wedstrijden/2022/12/26/engeland/premier-league/aston-villa-vs-liverpool,Bekijk wedstrijd
/wedstrijden/2022/12/26/engeland/premier-league/arsenal-vs-west-ham-united,Bekijk wedstrijd
/wedstrijden/2022/12/31/engeland/premier-league/wolverhampton-wanderers-vs-manchester-united,Bekijk wedstrijd
/wedstrijden/2022/12/31/engeland/premier-league/west-ham-united-vs-brentford,Bekijk wedstrijd
/wedstrijden/2022/12/31/engeland/premier-league/tottenham-hotspur-vs-aston-villa,Bekijk wedstrijd
/wedstrijden/2022/12/31/engeland/premier-league/nottingham-forest-vs-chelsea,Bekijk wedstrijd
/wedstrijden/2022/12/31/engeland/premier-league/newcastle-united-vs-leeds-united,Bekijk wedstrijd
/wedstrijden/2022/12/31/engeland/premier-league/manchester-city-vs-everton,Bekijk wedstrijd
/wedstrijden/2022/12/31/engeland/premier-league/liverpool-vs-leicester-city,Bekijk wedstrijd
/wedstrijden/2022/12/31/engeland/premier-league/fulham-vs-southampton,Bekijk wedstrijd
/wedstrijden/2022/12/31/engeland/premier-league/brighton--hove-albion-vs-arsenal,Bekijk wedstrijd
/wedstrijden/2022/12/31/engeland/premier-league/afc-bournemouth-vs-crystal-palace,Bekijk wedstrijd
/wedstrijden/2023/01/02/engeland/premier-league/southampton-vs-nottingham-forest,Bekijk wedstrijd
/wedstrijden/2023/01/02/engeland/premier-league/manchester-united-vs-afc-bournemouth,Bekijk wedstrijd
/wedstrijden/2023/01/02/engeland/premier-league/leicester-city-vs-fulham,Bekijk wedstrijd
/wedstrijden/2023/01/02/engeland/premier-league/leeds-united-vs-west-ham-united,Bekijk wedstrijd
/wedstrijden/2023/01/02/engeland/premier-league/everton-vs-brighton--hove-albion,Bekijk wedstrijd
/wedstrijden/2023/01/02/engeland/premier-league/crystal-palace-vs-tottenham-hotspur,Bekijk wedstrijd
/wedstrijden/2023/01/02/engeland/premier-league/chelsea-vs-manchester-city,Bekijk wedstrijd
/wedstrijden/2023/01/02/engeland/premier-league/brentford-vs-liverpool,Bekijk wedstrijd
/wedstrijden/2023/01/02/engeland/premier-league/aston-villa-vs-wolverhampton-wanderers,Bekijk wedstrijd
/wedstrijden/2023/01/02/engeland/premier-league/arsenal-vs-newcastle-united,Bekijk wedstrijd
/wedstrijden/2023/01/14/engeland/premier-league/wolverhampton-wanderers-vs-west-ham-united,Bekijk wedstrijd
/wedstrijden/2023/01/14/engeland/premier-league/tottenham-hotspur-vs-arsenal,Bekijk wedstrijd
/wedstrijden/2023/01/14/engeland/premier-league/nottingham-forest-vs-leicester-city,Bekijk wedstrijd
/wedstrijden/2023/01/14/engeland/premier-league/newcastle-united-vs-fulham,Bekijk wedstrijd
/wedstrijden/2023/01/14/engeland/premier-league/manchester-united-vs-manchester-city,Bekijk wedstrijd
/wedstrijden/2023/01/14/engeland/premier-league/everton-vs-southampton,Bekijk wedstrijd
/wedstrijden/2023/01/14/engeland/premier-league/chelsea-vs-crystal-palace,Bekijk wedstrijd
/wedstrijden/2023/01/14/engeland/premier-league/brighton--hove-albion-vs-liverpool,Bekijk wedstrijd
/wedstrijden/2023/01/14/engeland/premier-league/brentford-vs-afc-bournemouth,Bekijk wedstrijd
/wedstrijden/2023/01/14/engeland/premier-league/aston-villa-vs-leeds-united,Bekijk wedstrijd
/wedstrijden/2023/01/21/engeland/premier-league/west-ham-united-vs-everton,Bekijk wedstrijd
/wedstrijden/2023/01/21/engeland/premier-league/southampton-vs-aston-villa,Bekijk wedstrijd
/wedstrijden/2023/01/21/engeland/premier-league/manchester-city-vs-wolverhampton-wanderers,Bekijk wedstrijd
/wedstrijden/2023/01/21/engeland/premier-league/liverpool-vs-chelsea,Bekijk wedstrijd
/wedstrijden/2023/01/21/engeland/premier-league/leicester-city-vs-brighton--hove-albion,Bekijk wedstrijd
/wedstrijden/2023/01/21/engeland/premier-league/leeds-united-vs-brentford,Bekijk wedstrijd
/wedstrijden/2023/01/21/engeland/premier-league/fulham-vs-tottenham-hotspur,Bekijk wedstrijd
/wedstrijden/2023/01/21/engeland/premier-league/crystal-palace-vs-newcastle-united,Bekijk wedstrijd
/wedstrijden/2023/01/21/engeland/premier-league/arsenal-vs-manchester-united,Bekijk wedstrijd
/wedstrijden/2023/01/21/engeland/premier-league/afc-bournemouth-vs-nottingham-forest,Bekijk wedstrijd
/wedstrijden/2023/02/04/engeland/premier-league/wolverhampton-wanderers-vs-liverpool,Bekijk wedstrijd
/wedstrijden/2023/02/04/engeland/premier-league/tottenham-hotspur-vs-manchester-city,Bekijk wedstrijd
/wedstrijden/2023/02/04/engeland/premier-league/nottingham-forest-vs-leeds-united,Bekijk wedstrijd
/wedstrijden/2023/02/04/engeland/premier-league/newcastle-united-vs-west-ham-united,Bekijk wedstrijd
/wedstrijden/2023/02/04/engeland/premier-league/manchester-united-vs-crystal-palace,Bekijk wedstrijd
/wedstrijden/2023/02/04/engeland/premier-league/everton-vs-arsenal,Bekijk wedstrijd
/wedstrijden/2023/02/04/engeland/premier-league/chelsea-vs-fulham,Bekijk wedstrijd
/wedstrijden/2023/02/04/engeland/premier-league/brighton--hove-albion-vs-afc-bournemouth,Bekijk wedstrijd
/wedstrijden/2023/02/04/engeland/premier-league/brentford-vs-southampton,Bekijk wedstrijd
/wedstrijden/2023/02/04/engeland/premier-league/aston-villa-vs-leicester-city,Bekijk wedstrijd
/wedstrijden/2023/02/11/engeland/premier-league/west-ham-united-vs-chelsea,Bekijk wedstrijd
/wedstrijden/2023/02/11/engeland/premier-league/southampton-vs-wolverhampton-wanderers,Bekijk wedstrijd
/wedstrijden/2023/02/11/engeland/premier-league/manchester-city-vs-aston-villa,Bekijk wedstrijd
/wedstrijden/2023/02/11/engeland/premier-league/liverpool-vs-everton,Bekijk wedstrijd
/wedstrijden/2023/02/11/engeland/premier-league/leicester-city-vs-tottenham-hotspur,Bekijk wedstrijd
/wedstrijden/2023/02/11/engeland/premier-league/leeds-united-vs-manchester-united,Bekijk wedstrijd
/wedstrijden/2023/02/11/engeland/premier-league/fulham-vs-nottingham-forest,Bekijk wedstrijd
/wedstrijden/2023/02/11/engeland/premier-league/crystal-palace-vs-brighton--hove-albion,Bekijk wedstrijd
/wedstrijden/2023/02/11/engeland/premier-league/arsenal-vs-brentford,Bekijk wedstrijd
/wedstrijden/2023/02/11/engeland/premier-league/afc-bournemouth-vs-newcastle-united,Bekijk wedstrijd
/wedstrijden/2023/02/18/engeland/premier-league/wolverhampton-wanderers-vs-afc-bournemouth,Bekijk wedstrijd
/wedstrijden/2023/02/18/engeland/premier-league/tottenham-hotspur-vs-west-ham-united,Bekijk wedstrijd
/wedstrijden/2023/02/18/engeland/premier-league/nottingham-forest-vs-manchester-city,Bekijk wedstrijd
/wedstrijden/2023/02/18/engeland/premier-league/newcastle-united-vs-liverpool,Bekijk wedstrijd
/wedstrijden/2023/02/18/engeland/premier-league/manchester-united-vs-leicester-city,Bekijk wedstrijd
/wedstrijden/2023/02/18/engeland/premier-league/everton-vs-leeds-united,Bekijk wedstrijd
/wedstrijden/2023/02/18/engeland/premier-league/chelsea-vs-southampton,Bekijk wedstrijd
/wedstrijden/2023/02/18/engeland/premier-league/brighton--hove-albion-vs-fulham,Bekijk wedstrijd
/wedstrijden/2023/02/18/engeland/premier-league/brentford-vs-crystal-palace,Bekijk wedstrijd
/wedstrijden/2023/02/18/engeland/premier-league/aston-villa-vs-arsenal,Bekijk wedstrijd
/wedstrijden/2023/02/25/engeland/premier-league/west-ham-united-vs-nottingham-forest,Bekijk wedstrijd
/wedstrijden/2023/02/25/engeland/premier-league/tottenham-hotspur-vs-chelsea,Bekijk wedstrijd
/wedstrijden/2023/02/25/engeland/premier-league/newcastle-united-vs-brighton--hove-albion,Bekijk wedstrijd
/wedstrijden/2023/02/25/engeland/premier-league/manchester-united-vs-brentford,Bekijk wedstrijd
/wedstrijden/2023/02/25/engeland/premier-league/leicester-city-vs-arsenal,Bekijk wedstrijd
/wedstrijden/2023/02/25/engeland/premier-league/leeds-united-vs-southampton,Bekijk wedstrijd
/wedstrijden/2023/02/25/engeland/premier-league/fulham-vs-wolverhampton-wanderers,Bekijk wedstrijd
/wedstrijden/2023/02/25/engeland/premier-league/everton-vs-aston-villa,Bekijk wedstrijd
/wedstrijden/2023/02/25/engeland/premier-league/crystal-palace-vs-liverpool,Bekijk wedstrijd
/wedstrijden/2023/02/25/engeland/premier-league/afc-bournemouth-vs-manchester-city,Bekijk wedstrijd
/wedstrijden/2023/03/04/engeland/premier-league/wolverhampton-wanderers-vs-tottenham-hotspur,Bekijk wedstrijd
/wedstrijden/2023/03/04/engeland/premier-league/southampton-vs-leicester-city,Bekijk wedstrijd
/wedstrijden/2023/03/04/engeland/premier-league/nottingham-forest-vs-everton,Bekijk wedstrijd
/wedstrijden/2023/03/04/engeland/premier-league/manchester-city-vs-newcastle-united,Bekijk wedstrijd
/wedstrijden/2023/03/04/engeland/premier-league/liverpool-vs-manchester-united,Bekijk wedstrijd
/wedstrijden/2023/03/04/engeland/premier-league/chelsea-vs-leeds-united,Bekijk wedstrijd
/wedstrijden/2023/03/04/engeland/premier-league/brighton--hove-albion-vs-west-ham-united,Bekijk wedstrijd
/wedstrijden/2023/03/04/engeland/premier-league/brentford-vs-fulham,Bekijk wedstrijd
/wedstrijden/2023/03/04/engeland/premier-league/aston-villa-vs-crystal-palace,Bekijk wedstrijd
/wedstrijden/2023/03/04/engeland/premier-league/arsenal-vs-afc-bournemouth,Bekijk wedstrijd
/wedstrijden/2023/03/11/engeland/premier-league/west-ham-united-vs-aston-villa,Bekijk wedstrijd
/wedstrijden/2023/03/11/engeland/premier-league/tottenham-hotspur-vs-nottingham-forest,Bekijk wedstrijd
/wedstrijden/2023/03/11/engeland/premier-league/newcastle-united-vs-wolverhampton-wanderers,Bekijk wedstrijd
/wedstrijden/2023/03/11/engeland/premier-league/manchester-united-vs-southampton,Bekijk wedstrijd
/wedstrijden/2023/03/11/engeland/premier-league/leicester-city-vs-chelsea,Bekijk wedstrijd
/wedstrijden/2023/03/11/engeland/premier-league/leeds-united-vs-brighton--hove-albion,Bekijk wedstrijd
/wedstrijden/2023/03/11/engeland/premier-league/fulham-vs-arsenal,Bekijk wedstrijd
/wedstrijden/2023/03/11/engeland/premier-league/everton-vs-brentford,Bekijk wedstrijd
/wedstrijden/2023/03/11/engeland/premier-league/crystal-palace-vs-manchester-city,Bekijk wedstrijd
/wedstrijden/2023/03/11/engeland/premier-league/afc-bournemouth-vs-liverpool,Bekijk wedstrijd
/wedstrijden/2023/03/18/engeland/premier-league/wolverhampton-wanderers-vs-leeds-united,Bekijk wedstrijd
/wedstrijden/2023/03/18/engeland/premier-league/southampton-vs-tottenham-hotspur,Bekijk wedstrijd
/wedstrijden/2023/03/18/engeland/premier-league/nottingham-forest-vs-newcastle-united,Bekijk wedstrijd
/wedstrijden/2023/03/18/engeland/premier-league/manchester-city-vs-west-ham-united,Bekijk wedstrijd
/wedstrijden/2023/03/18/engeland/premier-league/liverpool-vs-fulham,Bekijk wedstrijd
/wedstrijden/2023/03/18/engeland/premier-league/chelsea-vs-everton,Bekijk wedstrijd
/wedstrijden/2023/03/18/engeland/premier-league/brighton--hove-albion-vs-manchester-united,Bekijk wedstrijd
/wedstrijden/2023/03/18/engeland/premier-league/brentford-vs-leicester-city,Bekijk wedstrijd
/wedstrijden/2023/03/18/engeland/premier-league/aston-villa-vs-afc-bournemouth,Bekijk wedstrijd
/wedstrijden/2023/03/18/engeland/premier-league/arsenal-vs-crystal-palace,Bekijk wedstrijd
/wedstrijden/2023/04/01/engeland/premier-league/west-ham-united-vs-southampton,Bekijk wedstrijd
/wedstrijden/2023/04/01/engeland/premier-league/nottingham-forest-vs-wolverhampton-wanderers,Bekijk wedstrijd
/wedstrijden/2023/04/01/engeland/premier-league/newcastle-united-vs-manchester-united,Bekijk wedstrijd
/wedstrijden/2023/04/01/engeland/premier-league/manchester-city-vs-liverpool,Bekijk wedstrijd
/wedstrijden/2023/04/01/engeland/premier-league/everton-vs-tottenham-hotspur,Bekijk wedstrijd
/wedstrijden/2023/04/01/engeland/premier-league/crystal-palace-vs-leicester-city,Bekijk wedstrijd
/wedstrijden/2023/04/01/engeland/premier-league/chelsea-vs-aston-villa,Bekijk wedstrijd
/wedstrijden/2023/04/01/engeland/premier-league/brighton--hove-albion-vs-brentford,Bekijk wedstrijd
/wedstrijden/2023/04/01/engeland/premier-league/arsenal-vs-leeds-united,Bekijk wedstrijd
/wedstrijden/2023/04/01/engeland/premier-league/afc-bournemouth-vs-fulham,Bekijk wedstrijd
/wedstrijden/2023/04/08/engeland/premier-league/wolverhampton-wanderers-vs-chelsea,Bekijk wedstrijd
/wedstrijden/2023/04/08/engeland/premier-league/tottenham-hotspur-vs-brighton--hove-albion,Bekijk wedstrijd
/wedstrijden/2023/04/08/engeland/premier-league/southampton-vs-manchester-city,Bekijk wedstrijd
/wedstrijden/2023/04/08/engeland/premier-league/manchester-united-vs-everton,Bekijk wedstrijd
/wedstrijden/2023/04/08/engeland/premier-league/liverpool-vs-arsenal,Bekijk wedstrijd
/wedstrijden/2023/04/08/engeland/premier-league/leicester-city-vs-afc-bournemouth,Bekijk wedstrijd
/wedstrijden/2023/04/08/engeland/premier-league/leeds-united-vs-crystal-palace,Bekijk wedstrijd
/wedstrijden/2023/04/08/engeland/premier-league/fulham-vs-west-ham-united,Bekijk wedstrijd
/wedstrijden/2023/04/08/engeland/premier-league/brentford-vs-newcastle-united,Bekijk wedstrijd
/wedstrijden/2023/04/08/engeland/premier-league/aston-villa-vs-nottingham-forest,Bekijk wedstrijd
/wedstrijden/2023/04/15/engeland/premier-league/wolverhampton-wanderers-vs-brentford,Bekijk wedstrijd
/wedstrijden/2023/04/15/engeland/premier-league/west-ham-united-vs-arsenal,Bekijk wedstrijd
/wedstrijden/2023/04/15/engeland/premier-league/tottenham-hotspur-vs-afc-bournemouth,Bekijk wedstrijd
/wedstrijden/2023/04/15/engeland/premier-league/southampton-vs-crystal-palace,Bekijk wedstrijd
/wedstrijden/2023/04/15/engeland/premier-league/nottingham-forest-vs-manchester-united,Bekijk wedstrijd
/wedstrijden/2023/04/15/engeland/premier-league/manchester-city-vs-leicester-city,Bekijk wedstrijd
/wedstrijden/2023/04/15/engeland/premier-league/leeds-united-vs-liverpool,Bekijk wedstrijd
/wedstrijden/2023/04/15/engeland/premier-league/everton-vs-fulham,Bekijk wedstrijd
/wedstrijden/2023/04/15/engeland/premier-league/chelsea-vs-brighton--hove-albion,Bekijk wedstrijd
/wedstrijden/2023/04/15/engeland/premier-league/aston-villa-vs-newcastle-united,Bekijk wedstrijd
/wedstrijden/2023/04/22/engeland/premier-league/newcastle-united-vs-tottenham-hotspur,Bekijk wedstrijd
/wedstrijden/2023/04/22/engeland/premier-league/manchester-united-vs-chelsea,Bekijk wedstrijd
/wedstrijden/2023/04/22/engeland/premier-league/liverpool-vs-nottingham-forest,Bekijk wedstrijd
/wedstrijden/2023/04/22/engeland/premier-league/leicester-city-vs-wolverhampton-wanderers,Bekijk wedstrijd
/wedstrijden/2023/04/22/engeland/premier-league/fulham-vs-leeds-united,Bekijk wedstrijd
/wedstrijden/2023/04/22/engeland/premier-league/crystal-palace-vs-everton,Bekijk wedstrijd
/wedstrijden/2023/04/22/engeland/premier-league/brighton--hove-albion-vs-manchester-city,Bekijk wedstrijd
/wedstrijden/2023/04/22/engeland/premier-league/brentford-vs-aston-villa,Bekijk wedstrijd
/wedstrijden/2023/04/22/engeland/premier-league/arsenal-vs-southampton,Bekijk wedstrijd
/wedstrijden/2023/04/22/engeland/premier-league/afc-bournemouth-vs-west-ham-united,Bekijk wedstrijd
/wedstrijden/2023/04/25/engeland/premier-league/wolverhampton-wanderers-vs-crystal-palace,Bekijk wedstrijd
/wedstrijden/2023/04/25/engeland/premier-league/west-ham-united-vs-liverpool,Bekijk wedstrijd
/wedstrijden/2023/04/25/engeland/premier-league/tottenham-hotspur-vs-manchester-united,Bekijk wedstrijd
/wedstrijden/2023/04/25/engeland/premier-league/nottingham-forest-vs-brighton--hove-albion,Bekijk wedstrijd
/wedstrijden/2023/04/25/engeland/premier-league/leeds-united-vs-leicester-city,Bekijk wedstrijd
/wedstrijden/2023/04/25/engeland/premier-league/everton-vs-newcastle-united,Bekijk wedstrijd
/wedstrijden/2023/04/25/engeland/premier-league/aston-villa-vs-fulham,Bekijk wedstrijd
/wedstrijden/2023/04/26/engeland/premier-league/southampton-vs-afc-bournemouth,Bekijk wedstrijd
/wedstrijden/2023/04/26/engeland/premier-league/chelsea-vs-brentford,Bekijk wedstrijd
/wedstrijden/2023/04/26/engeland/premier-league/manchester-city-vs-arsenal,Bekijk wedstrijd
/wedstrijden/2023/04/29/engeland/premier-league/newcastle-united-vs-southampton,Bekijk wedstrijd
/wedstrijden/2023/04/29/engeland/premier-league/manchester-united-vs-aston-villa,Bekijk wedstrijd
/wedstrijden/2023/04/29/engeland/premier-league/liverpool-vs-tottenham-hotspur,Bekijk wedstrijd
/wedstrijden/2023/04/29/engeland/premier-league/leicester-city-vs-everton,Bekijk wedstrijd
/wedstrijden/2023/04/29/engeland/premier-league/fulham-vs-manchester-city,Bekijk wedstrijd
/wedstrijden/2023/04/29/engeland/premier-league/crystal-palace-vs-west-ham-united,Bekijk wedstrijd
/wedstrijden/2023/04/29/engeland/premier-league/brighton--hove-albion-vs-wolverhampton-wanderers,Bekijk wedstrijd
/wedstrijden/2023/04/29/engeland/premier-league/brentford-vs-nottingham-forest,Bekijk wedstrijd
/wedstrijden/2023/04/29/engeland/premier-league/arsenal-vs-chelsea,Bekijk wedstrijd
/wedstrijden/2023/04/29/engeland/premier-league/afc-bournemouth-vs-leeds-united,Bekijk wedstrijd
/wedstrijden/2023/05/06/engeland/premier-league/wolverhampton-wanderers-vs-aston-villa,Bekijk wedstrijd
/wedstrijden/2023/05/06/engeland/premier-league/west-ham-united-vs-manchester-united,Bekijk wedstrijd
/wedstrijden/2023/05/06/engeland/premier-league/tottenham-hotspur-vs-crystal-palace,Bekijk wedstrijd
/wedstrijden/2023/05/06/engeland/premier-league/nottingham-forest-vs-southampton,Bekijk wedstrijd
/wedstrijden/2023/05/06/engeland/premier-league/newcastle-united-vs-arsenal,Bekijk wedstrijd
/wedstrijden/2023/05/06/engeland/premier-league/manchester-city-vs-leeds-united,Bekijk wedstrijd
/wedstrijden/2023/05/06/engeland/premier-league/liverpool-vs-brentford,Bekijk wedstrijd
/wedstrijden/2023/05/06/engeland/premier-league/fulham-vs-leicester-city,Bekijk wedstrijd
/wedstrijden/2023/05/06/engeland/premier-league/brighton--hove-albion-vs-everton,Bekijk wedstrijd
/wedstrijden/2023/05/06/engeland/premier-league/afc-bournemouth-vs-chelsea,Bekijk wedstrijd
/wedstrijden/2023/05/13/engeland/premier-league/southampton-vs-fulham,Bekijk wedstrijd
/wedstrijden/2023/05/13/engeland/premier-league/manchester-united-vs-wolverhampton-wanderers,Bekijk wedstrijd
/wedstrijden/2023/05/13/engeland/premier-league/leicester-city-vs-liverpool,Bekijk wedstrijd
/wedstrijden/2023/05/13/engeland/premier-league/leeds-united-vs-newcastle-united,Bekijk wedstrijd
/wedstrijden/2023/05/13/engeland/premier-league/everton-vs-manchester-city,Bekijk wedstrijd
/wedstrijden/2023/05/13/engeland/premier-league/crystal-palace-vs-afc-bournemouth,Bekijk wedstrijd
/wedstrijden/2023/05/13/engeland/premier-league/chelsea-vs-nottingham-forest,Bekijk wedstrijd
/wedstrijden/2023/05/13/engeland/premier-league/brentford-vs-west-ham-united,Bekijk wedstrijd
/wedstrijden/2023/05/13/engeland/premier-league/aston-villa-vs-tottenham-hotspur,Bekijk wedstrijd
/wedstrijden/2023/05/13/engeland/premier-league/arsenal-vs-brighton--hove-albion,Bekijk wedstrijd
/wedstrijden/2023/05/20/engeland/premier-league/wolverhampton-wanderers-vs-everton,Bekijk wedstrijd
/wedstrijden/2023/05/20/engeland/premier-league/west-ham-united-vs-leeds-united,Bekijk wedstrijd
/wedstrijden/2023/05/20/engeland/premier-league/tottenham-hotspur-vs-brentford,Bekijk wedstrijd
/wedstrijden/2023/05/20/engeland/premier-league/nottingham-forest-vs-arsenal,Bekijk wedstrijd
/wedstrijden/2023/05/20/engeland/premier-league/newcastle-united-vs-leicester-city,Bekijk wedstrijd
/wedstrijden/2023/05/20/engeland/premier-league/manchester-city-vs-chelsea,Bekijk wedstrijd
/wedstrijden/2023/05/20/engeland/premier-league/liverpool-vs-aston-villa,Bekijk wedstrijd
/wedstrijden/2023/05/20/engeland/premier-league/fulham-vs-crystal-palace,Bekijk wedstrijd
/wedstrijden/2023/05/20/engeland/premier-league/brighton--hove-albion-vs-southampton,Bekijk wedstrijd
/wedstrijden/2023/05/20/engeland/premier-league/afc-bournemouth-vs-manchester-united,Bekijk wedstrijd
/wedstrijden/2023/05/28/engeland/premier-league/southampton-vs-liverpool,Bekijk wedstrijd
/wedstrijden/2023/05/28/engeland/premier-league/manchester-united-vs-fulham,Bekijk wedstrijd
/wedstrijden/2023/05/28/engeland/premier-league/leicester-city-vs-west-ham-united,Bekijk wedstrijd
/wedstrijden/2023/05/28/engeland/premier-league/leeds-united-vs-tottenham-hotspur,Bekijk wedstrijd
/wedstrijden/2023/05/28/engeland/premier-league/everton-vs-afc-bournemouth,Bekijk wedstrijd
/wedstrijden/2023/05/28/engeland/premier-league/crystal-palace-vs-nottingham-forest,Bekijk wedstrijd
/wedstrijden/2023/05/28/engeland/premier-league/chelsea-vs-newcastle-united,Bekijk wedstrijd
/wedstrijden/2023/05/28/engeland/premier-league/brentford-vs-manchester-city,Bekijk wedstrijd
/wedstrijden/2023/05/28/engeland/premier-league/aston-villa-vs-brighton--hove-albion,Bekijk wedstrijd
/wedstrijden/2023/05/28/engeland/premier-league/arsenal-vs-wolverhampton-wanderers,Bekijk wedstrijd
https://www.instagram.com/voetbalinternational.nl/,Instagram
https://twitter.com/VI_nl,Twitter
https://www.facebook.com/voetbalinternational,Facebook
https://itunes.apple.com/nl/app/voetbal-international/id371698999?mt=8,
https://play.google.com/store/apps/details?id=nl.vi,
https://www.espn.nl/,Official Brandpartner ESPN
https://www.vi.nl/fonds-gehandicaptensport,1% FairShare
/colofon,Colofon
/voorwaarden,Voorwaarden
/privacy-statement,Privacy statement
/cookie-statement,Cookies
/disclaimer,Disclaimer
/over-vi,Over VI
/over-pro,Over PRO
/kiosk,VI Kiosk
/rss,RSS
/dezeweek,Deze week in VI
/vriendenvoordeel-share,Vriendenvoordeel
/service-en-contact,Klantenservice
/contact,Contact
/meepraten,Meepraten
/login,Inloggen
/adverteren,Adverteren
/verantwoordspelen,Verantwoord spelen